id|name|description|mision|vision|sector_id
13c871d7-fe73-4392-8291-30cc78ffa857|Instituto Distrital De Gestión De Riesgos Y Cambio Climático|Entidad que lidera la gestión de riesgos y la respuesta ante emergencias en Bogotá.|El IDIGER emprende acciones y genera lineamientos para la gestión del riesgo de desastres y la adaptación al cambio climático, en el marco de la coordinación del SDGR-CC en el Distrito Capital, con el fin de proteger a las personas en situación de riesgo y lograr el desarrollo sostenible de Bogotá D.C|En el 2030 el Distrito contará con mejores capacidades para gestionar el riesgo de desastres y los efectos del cambio climático, mediante la intervención del territorio y coordinación efectiva del SDGR-CC por parte del IDIGER, para la construcción de una ciudad resiliente.|88f73ec3-05bf-4c09-b3b4-a325a9cf075a
e739d624-2335-4c9f-87af-db9ba828e296|Instituto Distrital De Protección Y Bienestar Animal|Entidad dedicada a la protección y bienestar de los animales en Bogotá.|Somos la primera entidad pública encargada de la protección y el bienestar animal, garantes de la vida de la Fauna en el Distrito Capital a través, de la formulación, implementación, seguimiento y evaluación de políticas públicas sectoriales e intersectoriales..|El Instituto Distrital de Protección y Bienestar Animal será referente a 2024, como la entidad rectora, modelo de gestión pública para la promoción del bienestar y prevención del maltrato animal en corresponsabilidad con la sociedad civil.|88f73ec3-05bf-4c09-b3b4-a325a9cf075a
eb0a045e-2518-4482-a623-8351a9340e2a|Jardín Botánico José Celestino Mutis|Jardín botánico que promueve la conservación y el estudio de la biodiversidad.|Investigar y conservar la flora de los ecosistemas altoandinos y de páramo y gestionar las coberturas vegetales urbanas, contribuyendo a la generación, aplicación y apropiación social del conocimiento para la adaptación al cambio climático, al mejoramiento de la calidad de vida y al desarrollo sostenible en el Distrito Capital y la Región|En el 2038 seremos reconocidos nacional e internacionalmente como un centro de investigación de referencia en los ecosistemas alto andinos y de páramo y como destino de naturaleza, que contribuye a la transformación del pensamiento ambiental para la sostenibilidad del territorio.|88f73ec3-05bf-4c09-b3b4-a325a9cf075a
f44cbd7c-171d-4b35-9133-8901fb67c3a0|Secretaría Distrital De Ambiente|Entidad que lidera la gestión ambiental y la protección de los recursos naturales.|La Secretaria Distrital de Ambiente, como autoridad ambiental del Distrito Capital propende por el desarrollo sostenible de la ciudad, formulando promoviendo y orientando políticas, planes y programas que permitan la conservación, protección y recuperación del ambiente y de los bienes y servicios naturales de la Estructura Ecológica Principal y de las áreas de interés ambiental; para mejorar su calidad de vida, la relación entre la población y el entorno natural, el disfrute de los derechos fundamentales y colectivos del ambiente, respondiendo a las acciones encaminadas a  la adaptación y mitigación al cambio climático, reverdeciendo a Bogotá y promoviendo la participación de la ciudadanía en todas sus dimensiones y el cambio de los hábitos de vida.|En el 2024 la Secretaría Distrital de Ambiente será reconocida por su gestión ambiental y el cumplimiento de los Objetivos de Desarrollo Sostenible-ODS relacionados con el uso adecuado de los recursos naturales, adaptación al cambio climático y conservación, protección y recuperación de las áreas de interés ambiental urbanas y rurales, mitigando el daño a los ecosistemas a través del crecimiento verde, la restauración y mantenimiento de áreas de la estructura ecológica principal entre otras áreas de interés ambiental, disminuyendo las afectaciones a la salud producidas por la contaminación del aire y reduciendo los factores de deterioro ambiental a través de la utilización de energías limpias, alternativas de movilización y los hábitos de producción y consumo en el Distrito, a fin de ofrecer una ciudad más sostenible, contribuyendo a la reordenación del territorio para las generaciones presentes y futuras, con estrategias de acción colectiva,  mejoramiento en la confianza y participación ciudadana.|88f73ec3-05bf-4c09-b3b4-a325a9cf075a
7685ff5a-9ae7-4ffc-b81d-8ab9fa125415|Canal Capital|Medio de comunicación público encargado de informar y educar a la ciudadanía.|Capital es el Sistema de comunicación pública de Bogotá región que ubica a la ciudadanía en el centro de su operación y, mediante la inteligencia colectiva, aporta a la construcción de una sociedad participativa e incluyente, a través de la producción y circulación de contenidos informativos, culturales y educativos en múltiples plataformas y del desarrollo de estrategias de comunicación relevantes para los grupos de interés.|En 2024 Capital será el sistema de comunicación pública motor de la innovación audiovisual de Bogotá región, reconocido y valorado por la ciudadanía como espacio de participación y pluralidad, garante del libre acceso a la información y generación de conocimiento en la ciudad, bajo un modelo de operación eficiente. |63ab3c1d-7b2f-4c48-821e-4639f5f567e4
9a322050-1f3a-4431-87f4-5d24fb1adcf5|Fundación Gilberto Alzate Avendaño|Fundación dedicada a la promoción de la cultura y el arte en la ciudad.|La Fuga es la plataforma pública de la administración distrital, que articula y gestiona la revitalización y transformación participativa del centro de Bogotá a través de su potencial creativo, el arte y la cultura.|En 2030, la Fuga será referente de articulación y gestión de iniciativas de transformación del territorio del centro de Bogotá, como símbolo distrital de desarrollo desde el potencial creativo, el arte y la cultura.|63ab3c1d-7b2f-4c48-821e-4639f5f567e4
9c4dae24-05a5-454b-bd06-b44f7b4b5aab|Instituto Distrital De Las Artes|Organización que promueve y gestiona el desarrollo cultural en Bogotá.|En su calidad de entidad pública del sector Cultura Recreación y Deporte de la Alcaldía Mayor de Bogotá, el Idartes garantiza el acceso al disfrute y la práctica de las artes en condiciones de igualdad y oportunidad para los habitantes de Bogotá, mediante la promoción de la investigación, formación, creación, circulación y apropiación social del arte, potenciando la construcción de ciudadanías críticas, sensibles y creativas y las identidades culturales de la ciudad.|El Idartes garantizará que el arte contribuya a la construcción de una sociedad más libre, diversa, crítica, incluyente e intercultural, potenciando su correlación con otras dimensiones del ser humano, implementando nuevos modelos de descentralización, promoviendo las capacidades de agentes del sector, fortaleciendo los lenguajes artísticos, ampliando su presencia en el espacio público. Con equipos altamente calificados, impulsará la gestión del conocimiento y el fomento de alianzas interinstitucionales, nacionales e internacionales, buscando, siempre, que el arte esté presente en la vida de todas y todos los habitantes de Bogotá.|63ab3c1d-7b2f-4c48-821e-4639f5f567e4
26cbed04-cff6-45d8-8c3b-98ac8e94a5de|Instituto Distrital De Patrimonio Cultural|Instituto responsable de la protección y preservación del patrimonio cultural del distrito.|El Instituto Distrital de Patrimonio Cultural (IDPC) gestiona y acompaña procesos y estrategias para la protección, intervención, divulgación, activación social y salvaguardia de los patrimonios, a escala distrital, local y barrial, mediante iniciativas de participación, diálogo y articulación social e interinstitucional que posibiliten su reconocimiento y cuidado colectivo, con enfoque territorial y poblacional-diferencial.|Para el año 2028, el Instituto Distrital de Patrimonio Cultural (IDPC) se habrá consolidado como una entidad pública presente, confiable y eficiente, que incide en el ordenamiento territorial y en las transformaciones sociales y culturales de una ciudad dinámica, que comprende el patrimonio cultural como un eje para mejorar el bienestar y las formas de habitar Bogotá.|63ab3c1d-7b2f-4c48-821e-4639f5f567e4
6c08e1b7-e43e-42ef-ad4a-9bc3c77ed37f|Instituto Distrital De Recreación Y Deporte|Organismo encargado del fomento del deporte y la recreación en la ciudad.|Fomentar el bienestar integral de la ciudadanía a través de estrategias de actividad física, recreación, deporte y la sostenibilidad de parques, escenarios y equipamientos deportivos, para impulsar el desarrollo territorial, la cohesión y el tejido social. |A 2028, ser una entidad participativa, reconocida nacional e internacionalmente, que cuente con parques, escenarios y equipamientos recreodeportivos sostenibles, valorados por la ciudadanía, para desarrollar estrategias y programas innovadores adaptados a las diversas necesidades de la ciudad y sus habitantes.|63ab3c1d-7b2f-4c48-821e-4639f5f567e4
e819483d-de24-47eb-9b19-97a2880958fe|Orquesta Filarmónica De Bogotá|Orquesta que fomenta el desarrollo musical y artístico en Bogotá.|Cultivar y enriquecer la ciudadanía, con la interpretación y enseñanza de nuestro nutrido y diverso repertorio, por medio de la música sinfónica y el canto lirico.|Bogotá será un referente musical y educativo en Colombia por la calidad de sus agrupaciones musicales, de sus procesos de formación musical y por la diversidad y acogida de su repertorio musical.|63ab3c1d-7b2f-4c48-821e-4639f5f567e4
df3c6d45-a610-452f-9f01-3efae7005f0f|Secretaría Distrital De Cultura, Recreación Y Deporte|Secretaría encargada del desarrollo y promoción de la cultura, el deporte y la recreación.|Liderar la formulación e implementación concertada de políticas públicas en arte, cultura, patrimonio, recreación y deporte, así como la transformación y sostenibilidad cultural y deportiva de la ciudad, garantizando los derechos culturales, reconociendo a los habitantes de Bogotá como creadores, agentes de cambio y el centro de todas nuestras acciones en la construcción de una ciudad creadora, cuidadora, consciente e incluyente.|En el 2030, la Secretaría de Cultura, Recreación y Deporte será reconocida como líder en la transformación cultural de la ciudad, con capacidad de adaptación a las dinámicas de la ciudad, la democracia cultural, la inclusión de la dimensión recreo-deportiva y cultural, consolidando la internacionalización cultural y deportiva con la participación de creadores y gestores del sector, donde la cultura, el arte, el patrimonio, la recreación y el deporte seguirán siendo fundamentales en la calidad de vida de los habitantes de Bogotá, forjando una ciudad más consciente, incluyente y cuidadora.|63ab3c1d-7b2f-4c48-821e-4639f5f567e4
cfb6616c-d584-48dc-83f9-cb9468c6838d|Corporación Para El Desarrollo Y La Productividad Bogotá Región|Organización dedicada a fomentar el desarrollo productivo y la competitividad en la región.|Apoyar a inversionistas que están explorando oportunidades en Bogotá y Cundinamarca|Contribuir al desarrollo socioeconómico, la competitividad y la calidad de vida de Bogotá-Región|86d6c45a-591a-43a3-a150-cbe877eb28fc
1b09ae65-d423-41ce-bb04-76539e953cd1|Instituto Distrital De Turismo|Institución que promueve el turismo y la oferta turística de Bogotá.|El Instituto Distrital de Turismo promueve el desarrollo integral y fortalecimiento económico de Bogotá, a través del turismo como integrador social, económico y mitigante del impacto ambiental; mediante políticas, planes y proyectos desde las vocaciones locales, la generación de información, la promoción de ciudad a nivel nacional e internacional como destino competitivo, sostenible, seguro, accesible e incluyente, que se articula con la región para mejorar la calidad de vida de sus habitantes y los actores de la cadena de valor del sector.|El Instituto Distrital de Turismo será reconocido en 2026, como la entidad referente en la gestión y la promoción de Bogotá, como destino turístico competitivo líder en Latinoamérica, caracterizándose por tener un talento humano orgulloso, íntegro y comprometido.|86d6c45a-591a-43a3-a150-cbe877eb28fc
e32446a6-18d0-481c-b2b4-3e32a9356113|Instituto Para La Economía Social|Instituto que impulsa la economía social y el emprendimiento en la ciudad.|El Instituto para la Economía Social tiene como propósito ofertar alternativas de generación de ingresos a la población de la economía informal que ejerce sus actividades en el espacio público; así como administrar y desarrollar acciones de fortalecimiento del Sistema Distrital de Plazas de Mercado, para aportar al desarrollo económico de la ciudad.|En el 2025, seremos reconocidos por aportar al trabajo decente y al mejoramiento de las condiciones sociales y productivas de la población de la economía informal, que contribuyan al crecimiento económico y reducción de las desigualdades de la ciudad, así mismo, contaremos con plazas de mercado posicionadas como lugares de encuentro ciudadano, abastecimiento de productos de calidad, referentes turísticos y gastronómicos del país.|86d6c45a-591a-43a3-a150-cbe877eb28fc
6da76978-4091-4857-991a-24dbc6ac5894|Secretaría Distrital De Desarrollo Económico|Organismo responsable de la promoción del desarrollo económico y empresarial en Bogotá.|Somos la entidad Distrital que lidera la formulación, gestión y ejecución de políticas de desarrollo económico, competitividad y economía rural, orientadas a promover y fortalecer las empresas y emprendedores, el abastecimiento alimentario y la promoción de empleo y de nuevos ingresos para los ciudadanos y ciudadanas en la Bogotá -Región.|La SDDE será reconocida en el año 2024 como una entidad efectiva en la implementación y en la gestión de políticas de desarrollo económico, orientadas a la inclusión productiva, el emprendimiento y la empleabilidad para alcanzar la reactivación y adaptación económica, a través del fortalecimiento y promoción de los corazones productivos y desarrollo de sectores de alto impacto, la innovación y la creatividad en la Bogotá-Región.|86d6c45a-591a-43a3-a150-cbe877eb28fc
33af8b45-5729-4d4c-89da-46e4eccd9b42|Agencia Distrital Para La Educación Superior, La Ciencia Y La Tecnología|Organismo encargado de promover la educación superior, la ciencia y la tecnología en Bogotá.|Consolidar el sistema de educación y formación posmedia distrital, generando oportunidades para el acceso y permanencia a una oferta pertinente con calidad y potenciar las capacidades del ecosistema de Ciencia, Tecnología e Innovación para hacer de Bogotá una ciudad productiva, innovadora y sostenible.|En 2028, Bogotá será reconocida como una ciudad basada en el conocimiento, líder en América Latina por contar con un sistema de educación posmedia pertinente y de calidad que promueve el acceso y la permanencia con equidad, donde la Ciencia, la Tecnología y la Innovación son el motor para la solución de retos de ciudad y para el bienestar de sus todos sus habitantes.|4d80e272-e6dc-4774-8e33-3555bd148264
e6e31363-d0e1-4ece-bc04-b52a0896a5c3|Instituto Distrital Para La Investigación Educativa Y El Desarrollo Pedagógico|Instituto enfocado en la investigación y el desarrollo pedagógico en el sector educativo.|Fortalecer y gestionar la investigación y la innovación, así como el desarrollo pedagógico y profesional docente, con miras a producir conocimiento que aporte al cierre de las brechas socioeducativas, a la garantía del derecho a la educación, a la transformación pedagógica y al reconocimiento del saber docente, para aportar en la construcción de un nuevo contrato social y ambiental.|En 2030, el IDEP será reconocido a nivel distrital, nacional e internacional como un centro de investigación, innovación y desarrollo pedagógico de la más alta calidad académica que produce conocimiento relevante, pertinente y riguroso orientado a la transformación educativa y pedagógica, al desarrollo profesional docente y a la garantía del derecho a la educación|4d80e272-e6dc-4774-8e33-3555bd148264
1da7de14-57d3-4f35-8b1e-f66c3d95aeeb|Secretaría De Educación Del Distrito|Secretaría responsable de la formulación y ejecución de políticas educativas en Bogotá.|Promover la oferta educativa en la ciudad para garantizar el acceso y la permanencia de los niños, niñas y jóvenes en el sistema educativo, en sus distintas formas, niveles y modalidades; la calidad y pertinencia de la educación, con el propósito de formar individuos capaces de vivir productiva, creativa y responsablemente en comunidad.|La SED garantizará el derecho a la educación de los niños, niñas y jóvenes de la ciudad, a través de colegios distritales modernos, humanos e incluyentes y de un proceso de formación democrático, participativo, permanente, personal, cultural y social.|4d80e272-e6dc-4774-8e33-3555bd148264
d267f1c6-2620-4a80-815a-557a23492ba4|Universidad Distrital Francisco José De Caldas|Universidad pública distrital que ofrece programas de educación superior en Bogotá.|La Universidad Distrital Francisco José de Caldas es un espacio social y una organización institucional, ente autónomo del orden distrital, que tiene entre sus finalidades la formación de profesionales especializados y de ciudadanos activos; la producción y reproducción del conocimiento científico, además de la innovación tecnológica y la creación artística. Impulsa el diálogo de saberes y promueve una pedagogía, capaz de animar la reflexión y la curiosidad de los estudiantes; además, fomenta un espíritu crítico en la búsqueda de verdades abiertas; en la promoción de la ciencia y la creación; asimismo, de la ciudadanía y la democracia; y alienta la deliberación, fundada en la argumentación y en el diálogo razonado.|Para el 2030 la Universidad Distrital Francisco José de Caldas será reconocida, nacional e internacionalmente, como una institución de alta calidad en la formación de ciudadanos responsables y profesionales del mejor nivel, en la producción de conocimiento científico, artístico y de innovación tecnológica; propósitos que desplegará en los campos de la docencia, la investigación y la extensión.|4d80e272-e6dc-4774-8e33-3555bd148264
b3a1580a-2f11-468c-9336-e1ce3cc1e57b|Secretaría Jurídica Distrital|Entidad que asesora y representa legalmente al distrito en asuntos jurídicos.|Liderar la gestión jurídica del Distrito Capital mediante la defensa efectiva e integra de sus intereses. Promover el uso eficiente y transparente de los recursos públicos, la prevención del daño antijurídico, la promoción de la seguridad jurídica y la articulación interinstitucional, fomentando la innovación, la gestión del conocimiento y el control social para el desarrollo sostenible y la confianza ciudadana, a través de la ejecución de políticas en contratación estatal, racionalización normativa, participación ciudadana incidente, gestión judicial y disciplinaria y la representación estratégica de la ciudad en ámbitos jurídicos.|Para 2027 seremos reconocidos como referente en la gestión jurídica pública de una ciudad capital como Bogotá D.C., liderando con transparencia, innovación y eficiencia. Nuestro compromiso es fortalecer la confianza ciudadana, promover la justicia social, la seguridad jurídica y garantizar el desarrollo sostenible de Bogotá D.C. mediante la defensa del patrimonio público y la implementación de soluciones jurídicas que aseguren un uso eficiente de los recursos y una administración pública integra.|58c9b9b1-e938-4818-bb91-4cbe3a9cf018
0b4bb22e-1a88-4ce8-b69f-7ae4fba8a9d1|Agencia Analítica De Datos|Entidad especializada en el análisis de datos para la toma de decisiones estratégicas en el distrito.|Impulsar la toma de decisiones basadas en datos mediante la generación de soluciones analíticas para transformar la ciudad y mejorar la calidad de vida de las personas|Ser la agencia analítica de datos referente de la región, reconocidos como catalizador para la construcción de ciudades inteligentes, mediante la consolidación de un ecosistema y la construcción de soluciones innovadoras y sostenibles, que generan un impacto positivo en la sociedad|8524b217-b890-4f03-9530-34d68b6fb392
7e1205f0-4cd8-4e39-80fd-7651266ddc5f|Departamento Administrativo Del Servicio Civil Distrital|Institución encargada de la administración del servicio civil y la gestión del talento humano.|Entidad rectora y articuladora del servicio civil en Bogotá, responsable de promover y orientar técnicamente el fortalecimiento de la Gestión Integral del Talento Humano para que responda a las necesidades de la ciudadanía.|En 2030, el DASCD tendrá un posicionamiento local e internacional en la gestión estratégica del talento humano por lograr una administración pública distrital con capacidad técnica, creativa, innovadora, empática y diversa para el goce efectivo de los derechos de la ciudadanía en Bogotá región.|8524b217-b890-4f03-9530-34d68b6fb392
55d0f698-9b69-4a7f-8a64-33a3e2236f56|Secretaría General De La Alcaldía Mayor De Bogotá|Secretaría encargada de la gestión administrativa del despacho del alcalde mayor.|La Secretaría General de la Alcaldía Mayor de Bogotá, D.C., es la entidad líder del sector Gestión Pública que desarrolla condiciones para generar valor público, con el fin de lograr una ciudad moderna con un modelo de gobierno abierto, contribuir a la construcción de la paz y la reconciliación, y mejorar la calidad de vida de la ciudadanía.|En 2030 la Secretaría General de la Alcaldía Mayor de Bogotá, D.C., será reconocida por posicionar una gestión pública distrital moderna, eficiente, transparente y abierta, y por generar las condiciones necesarias para la consolidación de la paz y la reconciliación en Bogotá Región, a través de los valores institucionales y en diálogo permanente con la ciudadanía.|8524b217-b890-4f03-9530-34d68b6fb392
ee7bd620-6ee5-4108-8fa5-fa43df59f142|Departamento Administrativo De La Defensoría Del Espacio Público|Entidad responsable de la gestión y defensa del espacio público en la ciudad.|Contribuir al mejoramiento de la calidad de vida en Bogotá, por medio de una eficaz defensa del espacio público, de una óptima administración del patrimonio inmobiliario de la ciudad y de la construcción de una nueva cultura del espacio público, que garantice su uso y disfrute colectivo y estimule la participación comunitaria.|En 2030, la entidad será  líder en la gestión integral del Espacio Público a nivel distrital, contribuyendo a que la ciudadanía disfrute de espacios públicos seguros e inclusivos. Además, seremos referentes en la gestión del patrimonio inmobiliario distrital, la generación de conocimiento urbanístico, la creación de alianzas estratégicas y el fomento de la participación y cultura ciudadana.|37d77f75-ee7a-4160-9fe0-462dbb3249f5
8f2013cb-a19d-4b94-82e1-dde826049c56|Instituto Distrital De Participación Y Acción Comunal|Entidad encargada de fomentar la participación ciudadana y la acción comunal.|Somos una entidad pública, del orden distrital, que genera condiciones innovadoras, institucionales, organizativas y culturales en Bogotá y la región, que incentivan, facilitan y fortalecen la participación y el empoderamiento como forma de mejorar el bienestar de la ciudadanía y sus comunidades.|En el 2030, el IDPAC será reconocido local, nacional e internacionalmente, como la entidad líder en la promoción e investigación de la participación ciudadana en el Distrito Capital, así como en producción de técnicas y metodologías de fortalecimiento organizativo, que aportan a la cultura democrática, inclusiva, intercultural y con equidad de género y a incrementar la capacidad de incidencia de la ciudadanía en la gestión pública y el control social.|37d77f75-ee7a-4160-9fe0-462dbb3249f5
2a1228b4-8ee2-424d-ac64-2c28d249f7f7|Secretaría Distrital De Gobierno|Secretaría encargada de la administración política y la gobernabilidad en la ciudad.|La _Secretaría Distrital de Gobierno lidera la convivencia pacífica, el ejercicio de la ciudadanía, la promoción de la organización y de la participación ciudadana, y la coordinación de las relaciones políticas de la Administración Distrital en sus distintos niveles, para fortalecer la gobernabilidad democrática en el ámbito distrital y local, y garantizar el goce efectivo de los derechos humanos y constitucionales.|En el 2024 la Secretaría Distrital de Gobierno habrá puesto en marcha una nueva etapa renovada de participación ciudadana en Bogotá, resignificando el trabajo colaborativo entre la institucionalidad y la ciudadanía, construyendo comunidades empoderadas desde la convivencia pacífica, y fortaleciendo un gobierno local, cercano y transparente, con la implementación de mecanismos innovadores, una relación de confianza entorno al diálogo para la garantía de los derechos y el cumplimiento de los deberes de cada uno, de acuerdo con los compromisos establecidos en la alianza para el Gobierno Abierto.|37d77f75-ee7a-4160-9fe0-462dbb3249f5
81a5cc88-6183-427b-806c-1b2756fdd57d|Aguas De Bogotá|Empresa prestadora de servicios de aseo y gestión de residuos en la ciudad.|En Aguas de Bogotá S.A. E.S.P. prestamos servicios de gestión integral del agua, de residuos y gestión ambiental, cumpliendo con los requerimientos de nuestros clientes, a nivel nacional, contribuyendo al mejoramiento de la calidad de vida de nuestros usuarios de manera innovadora, con enfoque pedagógico, circular y sostenible.|Aguas de Bogotá S.A. E.S.P., en el 2030, será reconocida en Bogotá y otras regiones de Colombia como una empresa experta en la gestión integral del ciclo del agua y de residuos, con presencia en Latinoamérica, bajo una excelencia operacional.|4198c6e6-9b0b-4143-be63-7882f71dd3f9
dae08630-74c8-44c3-906c-d4b7fdbd4bfa|Caja De Vivienda Popular|Organismo distrital que promueve el acceso a la vivienda y el desarrollo urbano.|La Caja de la Vivienda Popular tiene como misión transformar y mejorar la vivienda, el hábitat y las condiciones de vida la población de estratos 1 y 2 de Bogotá Región, a través de la implementación de los programas de Reasentamientos, Titulación de Predios y Mejoramiento de Vivienda y de Barrios, en cuyo marco desarrolla intervenciones integrales y sostenibles que reconocen las particularidades del hábitat popular. La CVP promueve el ejercicio de los derechos ciudadanos, la participación activa de la ciudadanía y el goce efectivo de la ciudad, contribuyendo a la disminución de la segregación socio espacial de la ciudad y a la mitigación de los impactos ambientales que genera la ocupación del territorio de la ciudad y su región.|En 2024 la Caja de la Vivienda Popular será reconocida por su liderazgo e impacto en el mejoramiento integral de la vivienda y la calidad de vida de los hogares de estratos 1 y 2 de Bogotá Región, y por generar, a través de su conocimiento del hábitat popular, procesos sostenibles de construcción y transformación del hábitat, que aporten a consolidar un nuevo contrato social y ambiental en la ciudad y su entorno.|4198c6e6-9b0b-4143-be63-7882f71dd3f9
8e512352-7788-420d-9f94-e0ba1018820f|Empresa De Acueducto Y Alcantarillado De Bogotá|Empresa encargada de la prestación del servicio de acueducto y alcantarillado en Bogotá.|Agua para la vida, generando bienestar para la gente.|Excelencia en la gestión empresarial del agua, compromiso y empresa para todos.|4198c6e6-9b0b-4143-be63-7882f71dd3f9
622af4a0-42c7-4311-90d4-9be74fd8f599|Empresa De Energía De Bogotá|Compañía que lidera la generación, distribución y comercialización de energía en la ciudad.|Gestionar sistemas de transmisión, transporte y distribución, así como inversiones en el sector energético|Ser reconocidos como una empresa ética, responsable social y ambientalmente, sostenible y líder en la transición energética|4198c6e6-9b0b-4143-be63-7882f71dd3f9
1d8d452b-c609-4ae7-9b8c-567a1f28032f|Empresa De Renovación Y Desarrollo Urbano De Bogotá|Entidad responsable de la renovación y el desarrollo urbano en Bogotá.|Somos el operador de proyectos de revitalización urbana de Bogotá. Identificamos, promovemos, gestionamos, gerenciamos y ejecutamos proyectos integrales para el desarrollo de las ciudades.|La Empresa de Renovación y Desarrollo Urbano de Bogotá –RenoBo será la empresa líder en la revitalización de las ciudades, mediante la gestión de proyectos urbanos integrales, que promuevan el equilibrio territorial, el desarrollo económico y social y la protección del patrimonio ambiental y cultural de las ciudades.|4198c6e6-9b0b-4143-be63-7882f71dd3f9
5ae28390-f8b2-43cd-a3ba-cf0c8303517f|Empresa De Telecomunicaciones De Bogotá|Empresa que gestiona la infraestructura de telecomunicaciones del distrito.|La misión de ETB es entregar soluciones integrales de tecnologías de información y comunicaciones que satisfacen a nuestros clientes y contribuyen al fortalecimiento de la sociedad de la información, en el marco de la Responsabilidad Social Empresarial|ETB aumentará sus ingresos totales de 1,5 billones de pesos en el 2017 a 2,0 billones de pesos en el año 2022. Nuestro reto será maximizar el valor de la compañía a partir de la implementación de la eficiencia y la atención al cliente como columna vertebral de la estrategia, unido a un recurso humano de excelencia, con el fin de aumentar la satisfacción de nuestros clientes y convertir a ETB en la marca líder de Bogotá con reconocimiento nacional.|4198c6e6-9b0b-4143-be63-7882f71dd3f9
6b9496af-f22b-4ffa-8fd0-3715b7a4c44f|Secretaría Distrital De Hábitat|Entidad responsable de la planificación y ejecución de políticas de vivienda.|Somos la entidad cabeza del Sector Hábitat encargada de liderar la formulación e implementación de políticas de gestión del territorio urbano y rural, con un enfoque de mejoramiento integral; para promover la vivienda digna, y facilitar el acceso a espacios y servicios públicos en el Distrito Capital.|Al 2028 contaremos con mejores condiciones habitacionales, entornos revitalizados y servicios públicos más eficientes, gracias a una gestión colaborativa y efectiva, bajo el enfoque de sostenibilidad y participación ciudadana; Incrementando así la confianza y el orgullo de vivir en Bogotá.|4198c6e6-9b0b-4143-be63-7882f71dd3f9
f40536a4-9859-440c-8dbe-6de07ea0c57f|Unidad Administrativa Especial De Servicios Públicos|Entidad que administra los servicios públicos y la gestión de residuos sólidos.|Garantizar en el Distrito Capital la prestación, coordinación, supervisión, gestión, monitoreo y control de los servicios públicos de aseo en sus componentes (recolección, barrido y limpieza, disposición final y aprovechamiento de residuos sólidos), los residuos de construcción y demolición, los servicios funerarios y el servicio de alumbrado público; defendiendo el carácter público de la infraestructura propiedad del Distrito, promoviendo la participación ciudadana en la gestión pública, mejorando la calidad de vida de sus ciudadanos y el cuidado del medio ambiente a través de la planeación y modelación de los servicios a cargo.|La Unidad Administrativa Especial de Servicios Públicos, en el 2024 será una entidad líder a nivel nacional en el manejo integral de residuos sólidos en torno a un modelo de economía circular sostenible; la modernización del alumbrado público y la prestación de servicios funerarios en los cementerios propiedad del Distrito, a través de ejercicios de participación ciudadana, con enfoque poblacional y diferencial en el marco de ciudad inteligente y Bogotá-Región.|4198c6e6-9b0b-4143-be63-7882f71dd3f9
965af449-187b-477e-b052-6c8466485c06|Fondo De Prestaciones Económicas, Cesantías Y Pensiones|Fondo encargado de la administración de pensiones y cesantías de los servidores públicos.|Somos el Fondo de Prestaciones Económicas, Cesantías y Pensiones de Bogotá, FONCEP, que garantiza el reconocimiento de los derechos prestacionales y el pago de las obligaciones pensionales a nuestros afiliados, con el fin de brindarles amparo en la vejez, invalidez y sobrevivencia a favor de sus beneficiarios.|A 2024 FONCEP habrá fortalecido la eficiencia de la gestión pensional del Distrito, a partir de su articulación integral y efectiva y la implementación de una política pública de atención al pensionado que potencie los beneficios y oportunidades para esta población.|3ec97a4a-f9a1-42ca-afd4-0003bb5b9a63
de5e850e-a009-496c-b5cf-61ecefd9daf7|Lotería De Bogotá|Entidad encargada de la operación y administración de la lotería de Bogotá.|Somos diversión y cumplimos sueños, fomentando los juegos de suerte y azar responsablemente, contribuyendo a la salud de los colombianos; trabajamos de la mano de nuestros clientes, colaboradores, distribuidores, y grupos de valor..|Seremos reconocidos como una empresa innovadora en el mercado de juegos de suerte y azar a través de la diversificación de productos y canales, que mejoren nuestra contribución a la salud, siendo pioneros en responsabilidad social y empresarial en el sector..|3ec97a4a-f9a1-42ca-afd4-0003bb5b9a63
d8ee456f-f58d-423b-9407-1af8f7ee5faa|Secretaría Distrital De Hacienda|Secretaría que gestiona los recursos financieros y el presupuesto distrital.|La Secretaría Distrital de Hacienda tiene la misión de contribuir al desarrollo sostenible de Bogotá y al mejoramiento de la calidad de vida de sus habitantes, mediante una recaudación eficiente y distribución efectiva de recursos, para la implementación de políticas y proyectos de alto impacto.|Para el 2030, la Secretaría Distrital de Hacienda fortalecerá la confianza de los ciudadanos y contribuyentes a través de la visibilización de un gasto público efectivo, de calidad y transparente, para la construcción colectiva de una ciudad desarrollada y sostenible.|3ec97a4a-f9a1-42ca-afd4-0003bb5b9a63
5026a6c5-bc28-4abe-ba16-84848fd70f3f|Unidad Administrativa Especial De Catastro|Entidad encargada de la gestión y actualización del catastro en Bogotá.|La Unidad Administrativa Especial de Catastro Distrital es la entidad encargada de recopilar, integrar y disponer la información georreferenciada de la propiedad inmueble del Distrito Capital en sus aspectos físico, jurídico y económico, que contribuya a la planeación económica, social y territorial del Distrito Capital permitiendo la satisfacción de los grupos de valor.|En 2028 la Unidad Administrativa Especial de Catastro Distrital, será reconocida por transformar y optimizar la gestión catastral mediante el uso de metodologías y tecnologías innovadoras, orientadas a generar y disponer información y conocimiento que faciliten la planeación y la toma de decisiones para el bienestar de la ciudadanía, con un talento humano competente y comprometido.|3ec97a4a-f9a1-42ca-afd4-0003bb5b9a63
99890a0b-70de-4846-8562-08860ab50475|Instituto Distrital Para La Protección De La Niñez Y La Juventud|Entidad encargada de la protección y atención integral de la niñez y juventud.|Formar ciudadanos creativos e innovadores con oportunidades, desde un modelo pedagógico basado en los principios de afecto, alegría y libertad y un talento institucional que apropia la vocación de servicio y liderazgo para construir proyecto y sentido de vida en los niños, niñas, adolescentes y jóvenes en habitabilidad en calle, en riesgo de habitarla o en condiciones de fragilidad social de la Ciudad.|El IDIPRON será un referente en la ciudad y en el mundo en prácticas pedagógicas innovadoras, que desarrollan talentos, generan oportunidades y transforman la vida de los niños, niñas, adolescentes y jóvenes en ciudadanos felices.|5ca8d8a2-9599-44b4-94b1-ef51f23aa6fe
deca3f0e-aeac-4446-8e7c-793ba8cb2bb2|Secretaría Distrital De Integración Social|Entidad encargada de la integración y protección social de poblaciones vulnerables.|La Secretaría Distrital de Integración Social, es una entidad pública de nivel central de la ciudad de Bogotá, líder del sector social, responsable de la formulación e implementación de políticas públicas poblacionales orientadas al ejercicio de derechos, ofrece servicios sociales y promueve de forma articulada, la inclusión social, el desarrollo de capacidades y la mejora en la calidad de vida de la población en mayor condición de vulnerabilidad, con un enfoque territorial.|La Secretaría Distrital de Integración Social será en el año 2030, una entidad líder, a nivel nacional, en materia de política social y un referente en la promoción de derechos, por contribuir a la inclusión social, al desarrollo de capacidades y a la prestación de los servicios sociales de alta calidad, a través de la transformación de los servicios sociales, la modernización institucional y una estrategia territorial integral social que responde a las necesidades sociales mediante acciones transectoriales, integradoras e innovadoras. Lo anterior para hacer de Bogotá una ciudad más cuidadora, incluyente, sostenible y consciente.|5ca8d8a2-9599-44b4-94b1-ef51f23aa6fe
594b1c29-91da-407a-93e6-57c8ffa8e22a|Empresa De Transporte Del Tercer Milenio|Entidad a cargo de la operación del sistema de transporte público masivo TransMilenio.|Somos los responsables de gestionar el Sistema Integrado de Transporte Público de Bogotá D.C., en sus componentes troncal, zonal, alimentación y cable, que conecta a las personas con las oportunidades que brinda la ciudad, en condiciones de calidad, seguridad y eficiencia.|En el 2028 seremos orgullo de los bogotanos y colombianos por prestar un servicio de transporte público confiable, inteligente e innovador, centrado en las necesidades de los usuarios.|726baddb-59f4-412e-9908-ae15af3b94e2
a835f2e5-8516-4942-8526-44d7338480bc|Empresa Metro De Bogotá|Empresa encargada del desarrollo, operación y gestión del metro de Bogotá.|Nuestro propósito como Empresa Metro de Bogotá es transformar positivamente la movilidad del Distrito Capital mediante la implementación y operación del modo ferroviario del SITP; con conexión a las redes de integración regional, aportando al desarrollo y renovación urbana de la ciudad, con el fin de generar acceso a oportunidades urbanas y mejorar la calidad de vida de los ciudadanos.|En el año 2028, con la entrada en operación de la PLMB, la Empresa será reconocida como ejemplo de gestión de movilidad sostenible, segura, confiable, eficiente y con altos estándares tecnológicos. Se habrá definido la expansión de la PLMB, conectándose con el SITP y fortaleciendo la consolidación del modo férreo regional. La EMB, será un referente de cultura, valores y motivo de orgullo y apropiación ciudadana, por su contribución a la transformación positiva de la capital. Adicionalmente, será reconocida en América por la generación de otras fuentes de financiación que contribuyan a su sostenibilidad en el tiempo.|726baddb-59f4-412e-9908-ae15af3b94e2
93c5d9a1-9971-4450-ab5a-66a350eb158a|Instituto De Desarrollo Urbano|Instituto encargado de la planificación y ejecución de proyectos de infraestructura vial.|Estructuramos y desarrollamos proyectos de infraestructura vial y movilidad multimodal, de forma sostenible, incluyente, innovadora y eficiente, para contribuir al desarrollo urbano de Bogotá Región y mejorar la calidad de vida de su gente.|Consolidarnos en el 2030 como la entidad LIDER en estructuración, ejecución y conservación de proyectos integrales de infraestructura vial, transporte y movilidad multimodal para Bogotá región.|726baddb-59f4-412e-9908-ae15af3b94e2
05c61cf4-3560-4f3c-99db-9c3f9787a2f7|Operadora Distrital De Transporte|Operadora responsable del sistema de transporte público en la ciudad.|Prestar un servicio de transporte multimodal de alta calidad, innovador, eficiente y sostenible, que contribuya a la mejora de la calidad de vida de nuestras usuarias, usuarios y colaboradores aportando al cuidado del medio ambiente, el desarrollo social y económico de Bogotá y su área de influencia.|A 2026 la Operadora Distrital de Transporte S.A.S – La Rolita será reconocida y referente en la operación de sistemas integrados de transporte público eficientes, responsables y sostenibles que aportan a la mejora de la calidad de vida de nuestras usuarias, usuarios y colaboradores y la movilidad de la ciudad desde la eficiencia operacional, la sostenibilidad ambiental, la responsabilidad social y la equidad de género.|726baddb-59f4-412e-9908-ae15af3b94e2
c4f36231-7247-483a-b21e-44e5d118db29|Secretaría Distrital De Movilidad|Entidad encargada de la planificación y regulación de la movilidad en Bogotá.|La Secretaría Distrital de Movilidad como líder del sector, formula políticas e implementa estrategias de movilidad multimodal, incluyente y sostenible que contribuyen a la equidad y mejoran la calidad de vida de la ciudadanía y la seguridad de los actores viales, potenciando la productividad, la competitividad y la integración de Bogotá y la región, con una gestión íntegra y transparente.|A 2030 la Secretaría Distrital de Movilidad de Bogotá D.C. será referente mundial en movilidad sostenible, accesible, equitativa, y segura mediante la promoción de cambios comportamentales en la ciudadanía y los actores viales, la incorporación de enfoques territorial, de género y diferencial, la distribución eficiente y equitativa del espacio público, el incremento de la satisfacción en las experiencias de viaje, y la transformación digital y virtual de los trámites y servicios, con un equipo humano comprometido y competente|726baddb-59f4-412e-9908-ae15af3b94e2
c2100c35-c6cf-405e-9861-cf159c5697c5|Terminal De Transportes|Entidad responsable de la operación y administración de la terminal de transportes.|Promover, desarrollar y explotar soluciones de movilidad, mediante la gestión y operación innovadora, eficiente y sostenible de servicios a la ciudadanía, al sector transportador, regional y privado, que impacten positivamente en la movilidad distrital y/o nacional.|En el 2028 la Terminal de Transporte S.A. será líder a nivel nacional en la implementación de soluciones innovadoras y sostenibles de movilidad, mediante la prestación de servicios que beneficien a nuestros clientes, entendiendo ciudadanos, transportadores y terceros. Todo esto cumpliendo con las expectativas, financieras y misionales, de nuestros accionistas y socios.|726baddb-59f4-412e-9908-ae15af3b94e2
ce0f66f7-a7ad-4e4f-a631-f083237dcc0a|Unidad Administrativa Especial De Rehabilitación Y Mantenimiento Vial|Institución responsable del mantenimiento y rehabilitación de la infraestructura vial.|La misión de la Unidad Administrativa Especial de Rehabilitación y Mantenimiento Vial (UAERMV) de Bogotá es mejorar la movilidad y disminuir la accidentalidad en la ciudad: Conservar la malla vial local, Atender situaciones imprevistas que dificultan la movilidad, Brindar apoyo interinstitucional.  |Ejecutar las obras necesarias para el manejo del tráfico, el control de la velocidad, señalización horizontal y la seguridad vial, para obras de mantenimiento vial, cuando se le requiera.|726baddb-59f4-412e-9908-ae15af3b94e2
7a5e1933-2716-444c-81f2-b9f0d9497cc6|Secretaría Distrital De La Mujer|Secretaría que fomenta la equidad de género y los derechos de las mujeres.|Liderar, orientar y coordinar la formulación, implementación, seguimiento y evaluación de la Política Pública de Mujeres y Equidad de Género, así como la transversalización de los enfoques de derechos de las mujeres, de género y diferencial, en los planes, programas, proyectos y políticas públicas distritales, para la protección, garantía y materialización de los derechos humanos de las mujeres en las diferencias y diversidades que las constituyen, promoviendo su autonomía y el ejercicio pleno de su ciudadanía en el Distrito Capital|La Secretaría Distrital de la Mujer en el año 2027 será reconocida distrital, nacional e internacionalmente por su contribución al reconocimiento, la garantía y el restablecimiento de los derechos humanos de las mujeres y al logro de la igualdad de género, incorporando efectivamente los enfoques de derechos de las mujeres, de género y diferencial en las políticas públicas y el quehacer institucional de la Administración distrital.|d0b29163-0944-44f1-93ce-7502eeee75a4
eae49b79-55c4-4432-b57a-576b591ff09d|Concejo De Bogotá|Órgano de representación y deliberación que formula normas y políticas distritales.|El Concejo de Bogotá D.C. como Suprema Autoridad Política Administrativa del Distrito Capital, expide normas que promueven el desarrollo integral de sus habitantes y de la ciudad, así mismo, vigila la gestión de la Administración Distrital, como así mismo elige a los servidores públicos distritales conforme a lo establecido en el Reglamento Interno del Concejo y la normatividad vigente.|El Concejo de Bogotá D.C. se posicionará en el año 2020, como una entidad líder a nivel nacional, contribuyendo al mejoramiento de la calidad de vida de los ciudadanos, su bienestar, su desarrollo integral y sostenible de la ciudad, desarrollando un ejercicio de control político pertinente, eficiente y eficaz; generando acuerdos que beneficien a los habitantes de la ciudad.|6d699b63-4943-4541-a1bf-532b6b59a26a
44d84dd4-805e-4a0a-955b-8587e5c661fc|Contraloría De Bogotá|Entidad encargada de la fiscalización y control del uso de los recursos públicos en Bogotá.|Vigilamos la gestión de los recursos del Distrito Capital con oportunidad y efectividad, apoyados en el control social participativo, alianzas estratégicas e innovación tecnológica, para contribuir al mejoramiento de la calidad de vida de los ciudadanos. |En el 2026, la Contraloría de Bogotá D.C. será un referente del control fiscal por la vinculación activa de los ciudadanos, la transformación digital del control fiscal y la efectividad de los resultados, aportando al desarrollo sostenible de la ciudad.|6d699b63-4943-4541-a1bf-532b6b59a26a
ccb07bc2-67b9-4c6b-9d1e-8d84493cde19|Personería De Bogotá|Organismo encargado de la vigilancia y control de la administración distrital.|Como órgano de control, la Personería de Bogotá, D. C., ejerce funciones de Ministerio Público, defensor de los derechos humanos que vigila la conducta de los servidores públicos, actuando de manera oportuna y resolutiva para garantizar el respeto de los derechos fundamentales, el cumplimiento de las funciones misionales y la normatividad vigente y el buen funcionamiento de las instituciones públicas en beneficio de las partes interesadas.|La Personería de Bogotá, D. C., para el año 2028, será reconocida como entidad efectiva, oportuna, resolutiva y cercana a la ciudadanía, con un talento humano competente haciendo uso de las tecnologías de la información de última generación y comprometida con los objetivos de desarrollo sostenible.|6d699b63-4943-4541-a1bf-532b6b59a26a
1b01632f-f169-46c5-be3a-d1c1eee6f58c|Veeduría Distrital|Organismo encargado del control ciudadano y la vigilancia de la gestión pública.|Somos un organismo autónomo de control y vigilancia, de carácter asesor y preventivo, encargado de contribuir con sus acciones a la eficiencia y transparencia de las entidades distritales, la participación ciudadana y el control social para incentivar la confianza en la gestión pública.|En 2028, la Veeduría Distrital, será la entidad referente en Colombia en el modelo innovador de vigilancia y control preventivo, para la eficiencia, control social y transparencia en el Distrito Capital.|6d699b63-4943-4541-a1bf-532b6b59a26a
4345be1e-ba97-44b0-8bcb-dc935f6b691f|Secretaría Distrital De Planeación|Secretaría que dirige la planificación territorial y el desarrollo urbano de la ciudad.|En la SDP planeamos y orientamos la transformación - territorial, económica, social y ambiental – del distrito capital para mejorar el bienestar colectivo y la competitividad de nuestra ciudad región - incluyente, cuidadora, equitativa y solidaria -, a través de las políticas públicas, la participación ciudadana y una gestión pública efectiva, digital e innovadora.|En 2024 la SDP será reconocida por su gestión pública efectiva en la recuperación social y económica de Bogotá, en el contexto de la post-pandemia, gracias a una planeación integral del territorio, la articulación de políticas públicas y las acciones intersectoriales para el desarrollo sostenible del Distrito Capital.|28d64e7b-bbcc-4a8b-928f-0c03c5f67bf2
47a52a9a-d3fa-4c48-b3fe-5d6916c283e4|Capital Salud|Entidad de salud enfocada en la prestación de servicios médicos a los ciudadanos.|Somos la EPS que garantiza el aseguramiento, el bienestar y la salud de sus afiliados; basada en un modelo de atención integral en salud, con altos estándares de calidad, trato humanizado, renovación tecnológica, con un equipo de trabajo competente enfocada en la satisfacción de nuestros afiliados y sus familias.|En el año 2024, CAPITAL SALUD EPS-S será la EAPB reconocida por su enfoque social y humano, con estándares superiores de calidad, basados en la innovación de sus procesos y sostenibilidad.|46910c13-ca4f-4767-8951-222b71e160e1
b1b5b22b-fd6e-4bfe-8c94-aee4718f7749|Centro De Desarrollo Tecnológico De Producción De Vacunas|Centro especializado en el desarrollo y producción de vacunas en el distrito.|Celebrar y ejecutar contratos para la investigación y desarrollo de biológicos. Construir, instalar, administrar, modificar y operar plantas, laboratorios, fábricas o centros para el desarrollo y producción de biológicos.|consolidar una ciudad del conocimiento, educada y competitiva, con producción de vacunas.|46910c13-ca4f-4767-8951-222b71e160e1
a735fee7-3139-4cbf-9eb4-88a51e2d69f9|Entidad De Gestión Administrativa Y Técnica|Institución que apoya la gestión administrativa y técnica del distrito.|Somos una entidad que gestiona procesos de contratación de bienes y servicios para entidades públicas y privadas del sector salud de orden Distrital y Nacional, de manera transparente, objetiva, eficiente y responsable.|En el 2024 la EGAT será la entidad gestora de la contratación del 100% de bienes y servicios no misionales del sector salud del Distrito Capital con eficiencia, confiabilidad y transparencia.|46910c13-ca4f-4767-8951-222b71e160e1
79b706db-7008-402f-a268-2e796aee894c|Fondo Financiero Distrital De Salud|Entidad que administra los recursos financieros del sector salud en Bogotá.|Recaudar y administrar los recursos que son captados por Bogotá y que provienen de diferentes fuentes públicas y privadas, destinadas al sector salud.|para el año 2024, la población de la ciudad-región reconozca a la entidad por su liderazgo en el mejoramiento de la calidad de vida y de los servicios de salud. |46910c13-ca4f-4767-8951-222b71e160e1
b9aed058-7ae7-47b1-aa6d-57382a7df8af|Instituto Distrital De La Ciencia, Biotecnología E Innovación En Salud|Instituto especializado en la investigación y desarrollo en biotecnología y salud.|Somos un instituto de ciencia, tecnología e innovación en salud, con énfasis en investigación médica y biotecnológica, que genera conocimiento y desarrollo científico, sobre la base del fortalecimiento de las capacidades del talento humano, infraestructura, cultura de la calidad y compromiso social, para la gestión de conocimiento y la provisión de productos e insumos biológicos humanos al servicio de la población.|En el 2030, seremos un instituto de excelencia en ciencia, tecnología e innovación, de referencia nacional e internacional en salud poblacional, con una cultura organizacional, basada en un sistema de gestión del conocimiento y un talento comprometido para el bienestar y desarrollo de la comunidad.|46910c13-ca4f-4767-8951-222b71e160e1
289452a5-d96a-41a2-89f0-a16058a70511|Secretaría Distrital De Salud|Organismo responsable de la formulación y ejecución de políticas de salud pública.|Somos la entidad rectora de salud en Bogotá, constituida por un equipo humano comprometido con la excelencia, responsable de garantizar el ejercicio efectivo del derecho a la salud de toda la población, a través de la implementación de un modelo de atención integral, equitativa, universal, participativa, centrada en el ser humano, la responsabilidad social y la sostenibilidad ambiental.|Para el año 2016, la Secretaría Distrital de Salud de Bogotá, será reconocida nacional e internacionalmente, como una entidad que cumple estándares superiores de calidad, que garantiza el derecho efectivo y el mejoramiento de calidad de vida en salud de la población, basado en un modelo de atención integral que responde a la estrategia de la Atención Primaria en Salud.|46910c13-ca4f-4767-8951-222b71e160e1
924f505e-b985-4139-a03f-2075e23075d0|Subred Integrada De Servicios De Salud Centro Oriente|Red hospitalaria que presta servicios de salud en la zona centro-oriente de Bogotá.|Somos la Subred Integrada de Servicios de Salud Centro Oriente del Distrito Capital, prestamos servicios de salud en el marco de una gestión clínica segura con estándares superiores de calidad, trato humanizado, mejoramiento continuo, gestión interinstitucional e intersectorial, participación comunitaria y generación del conocimiento por medio de la investigación y la docencia para impactar las condiciones de salud de usuarios, familias y comunidades, con talento humano íntegro y calificado.|En el año 2024 seremos una Subred Integrada de Servicios de Salud reconocida por la gestión de las Rutas Integrales de Atención en Salud, la atención integral, diferencial, territorial, la docencia e investigación científica, el compromiso con la prestación de servicios seguros, humanizados, el cumplimiento de estándares superiores de calidad, y la satisfacción de los usuarios y sus familias.|46910c13-ca4f-4767-8951-222b71e160e1
da3ccecf-b7ad-46f2-a759-edd4533cd47c|Subred Integrada De Servicios De Salud Norte|Red de hospitales que ofrece atención médica en la zona norte de la ciudad.|Somos una Empresa Social del Estado innovadora y socialmente responsable, que presta servicios de salud integrales y de calidad, con participación activa en la formación de talento humano y desarrollo de la docencia y la investigación, contribuyendo al mejoramiento de la calidad de vida de la población.|Para el 2030, la Subred Norte será reconocida como la Empresa Social del Estado, líder en la prestación de servicios asistenciales de excelencia, centrada en la persona, con atención humanizada, a través de la formación del talento humano asistencial y administrativo de alta calidad, inspirada por la docencia, la investigación y el desarrollo. Tendremos un modelo de gestión económico, ambientalmente sostenible, generador de equidad y legitimidad social..|46910c13-ca4f-4767-8951-222b71e160e1
69a66e34-418d-4f80-85cd-f9510d2d524e|Subred Integrada De Servicios De Salud Sur|Red hospitalaria enfocada en la prestación de servicios de salud en la zona sur.|La Subred Integrada de Servicios de Salud Sur E.S.E., presta Servicios de Salud a través de un Modelo de Atención Integral en Red, bajo los enfoques de gestión integral del riesgo y seguridad, fortaleciendo la formación académica orientada a la investigación científica e innovación, con un talento humano comprometido, humanizado y competente que contribuye al mejoramiento de las condiciones de salud de nuestros usuarios urbanos y rurales de las localidades de Usme, Ciudad Bolívar, Tunjuelito y Sumapaz.|En el año 2024 seremos una Empresa Social del Estado referente en el Distrito por la prestación de servicios de salud con estándares superiores de calidad, consolidada, sostenible, referente en investigación, docencia e innovación, con enfoque diferencial, territorial y comunitario, que promueven el cambio, la intersectorialidad, impactando positivamente la salud y calidad de vida de nuestros usuarios.|46910c13-ca4f-4767-8951-222b71e160e1
a6fa44d1-a682-4599-8e12-a0f1a12b6b69|Subred Integrada De Servicios De Salud Sur Occidente|Red integrada de salud que atiende a la población en el suroccidente de Bogotá.|Brindar servicios de salud con altos estándares de calidad, a través del Modelo de Atención Integral basado en Atención Primaria en Salud, gestión asistencial excelente, segura, humanizada, eficiente, promoción de la docencia, investigación e innovación con talento humano íntegro para contribuir al bienestar y calidad de vida de la población.|En el año 2030, la Subred Sur Occidente será reconocida a nivel nacional por su modelo de atención con enfoque diferencial, de género, territorial y participativo, logrando estándares superiores de calidad, promoviendo la docencia, investigación e innovación, auto sostenibilidad y gestión ambiental, fomentando el bienestar de los colaboradores de tal manera que impacté positivamente en la calidad de vida de la ciudadanía.|46910c13-ca4f-4767-8951-222b71e160e1
1392a4b4-32de-4eac-9433-9c120e273b37|Alcaldía Local De Antonio Nariño|Administración local encargada de la gestión y desarrollo del territorio de Antonio Nariño.|La Secretaría Distrital de Gobierno lidera la convivencia pacífica, el ejercicio de la ciudadanía, la promoción de la organización y de la participación ciudadana, y la coordinación de las relaciones políticas de la Administración Distrital en sus distintos niveles, para fortalecer la gobernabilidad democrática en el ámbito distrital y local, y garantizar el goce efectivo de los derechos humanos y constitucionales.|En el 2024 la Secretaría Distrital de Gobierno habrá puesto en marcha una nueva etapa renovada de participación ciudadana en Bogotá, resignificando el trabajo colaborativo entre la institucionalidad y la ciudadanía, construyendo comunidades empoderadas desde la convivencia pacífica, y fortaleciendo un gobierno local, cercano y transparente, con la implementación de mecanismos innovadores, una relación de confianza entorno al diálogo para la garantía de los derechos y el cumplimiento de los deberes de cada uno, de acuerdo con los compromisos establecidos en la alianza para el Gobierno Abierto.|d3379e05-d9fc-463a-9038-20de51fcc8d8
6e2f4e1e-b26e-497d-b6f0-bf30f162c1dc|Alcaldía Local De Barrios Unidos|Entidad gubernamental responsable de la administración de la localidad de Barrios Unidos.|La Secretaría Distrital de Gobierno lidera la convivencia pacífica, el ejercicio de la ciudadanía, la promoción de la organización y de la participación ciudadana, y la coordinación de las relaciones políticas de la Administración Distrital en sus distintos niveles, para fortalecer la gobernabilidad democrática en el ámbito distrital y local, y garantizar el goce efectivo de los derechos humanos y constitucionales.|En el 2024 la Secretaría Distrital de Gobierno habrá puesto en marcha una nueva etapa renovada de participación ciudadana en Bogotá, resignificando el trabajo colaborativo entre la institucionalidad y la ciudadanía, construyendo comunidades empoderadas desde la convivencia pacífica, y fortaleciendo un gobierno local, cercano y transparente, con la implementación de mecanismos innovadores, una relación de confianza entorno al diálogo para la garantía de los derechos y el cumplimiento de los deberes de cada uno, de acuerdo con los compromisos establecidos en la alianza para el Gobierno Abierto.|d3379e05-d9fc-463a-9038-20de51fcc8d8
b00a799a-4c7e-449c-9eb8-8f3d4123e788|Alcaldía Local De Bosa|Alcaldía local encargada de la planificación y gestión de la localidad de Bosa.|La Secretaría Distrital de Gobierno lidera la convivencia pacífica, el ejercicio de la ciudadanía, la promoción de la organización y de la participación ciudadana, y la coordinación de las relaciones políticas de la Administración Distrital en sus distintos niveles, para fortalecer la gobernabilidad democrática en el ámbito distrital y local, y garantizar el goce efectivo de los derechos humanos y constitucionales.|En el 2024 la Secretaría Distrital de Gobierno habrá puesto en marcha una nueva etapa renovada de participación ciudadana en Bogotá, resignificando el trabajo colaborativo entre la institucionalidad y la ciudadanía, construyendo comunidades empoderadas desde la convivencia pacífica, y fortaleciendo un gobierno local, cercano y transparente, con la implementación de mecanismos innovadores, una relación de confianza entorno al diálogo para la garantía de los derechos y el cumplimiento de los deberes de cada uno, de acuerdo con los compromisos establecidos en la alianza para el Gobierno Abierto.|d3379e05-d9fc-463a-9038-20de51fcc8d8
637445a7-7ee6-44a7-b053-a613f873248f|Alcaldía Local De Chapinero|Administración local que gestiona el desarrollo urbano y social de Chapinero.|La Secretaría Distrital de Gobierno lidera la convivencia pacífica, el ejercicio de la ciudadanía, la promoción de la organización y de la participación ciudadana, y la coordinación de las relaciones políticas de la Administración Distrital en sus distintos niveles, para fortalecer la gobernabilidad democrática en el ámbito distrital y local, y garantizar el goce efectivo de los derechos humanos y constitucionales.|En el 2024 la Secretaría Distrital de Gobierno habrá puesto en marcha una nueva etapa renovada de participación ciudadana en Bogotá, resignificando el trabajo colaborativo entre la institucionalidad y la ciudadanía, construyendo comunidades empoderadas desde la convivencia pacífica, y fortaleciendo un gobierno local, cercano y transparente, con la implementación de mecanismos innovadores, una relación de confianza entorno al diálogo para la garantía de los derechos y el cumplimiento de los deberes de cada uno, de acuerdo con los compromisos establecidos en la alianza para el Gobierno Abierto.|d3379e05-d9fc-463a-9038-20de51fcc8d8
82e05c17-326b-46a1-a875-62fb9db97e0b|Alcaldía Local De Ciudad Bolívar|Entidad que dirige y administra los servicios y proyectos en Ciudad Bolívar.|La Secretaría Distrital de Gobierno lidera la convivencia pacífica, el ejercicio de la ciudadanía, la promoción de la organización y de la participación ciudadana, y la coordinación de las relaciones políticas de la Administración Distrital en sus distintos niveles, para fortalecer la gobernabilidad democrática en el ámbito distrital y local, y garantizar el goce efectivo de los derechos humanos y constitucionales.|En el 2024 la Secretaría Distrital de Gobierno habrá puesto en marcha una nueva etapa renovada de participación ciudadana en Bogotá, resignificando el trabajo colaborativo entre la institucionalidad y la ciudadanía, construyendo comunidades empoderadas desde la convivencia pacífica, y fortaleciendo un gobierno local, cercano y transparente, con la implementación de mecanismos innovadores, una relación de confianza entorno al diálogo para la garantía de los derechos y el cumplimiento de los deberes de cada uno, de acuerdo con los compromisos establecidos en la alianza para el Gobierno Abierto.|d3379e05-d9fc-463a-9038-20de51fcc8d8
f4f22688-fb8a-40ba-b58b-13d334dbf897|Alcaldía Local De Engativá|Alcaldía que supervisa y gestiona el desarrollo de la localidad de Engativá.|La Secretaría Distrital de Gobierno lidera la convivencia pacífica, el ejercicio de la ciudadanía, la promoción de la organización y de la participación ciudadana, y la coordinación de las relaciones políticas de la Administración Distrital en sus distintos niveles, para fortalecer la gobernabilidad democrática en el ámbito distrital y local, y garantizar el goce efectivo de los derechos humanos y constitucionales.|En el 2024 la Secretaría Distrital de Gobierno habrá puesto en marcha una nueva etapa renovada de participación ciudadana en Bogotá, resignificando el trabajo colaborativo entre la institucionalidad y la ciudadanía, construyendo comunidades empoderadas desde la convivencia pacífica, y fortaleciendo un gobierno local, cercano y transparente, con la implementación de mecanismos innovadores, una relación de confianza entorno al diálogo para la garantía de los derechos y el cumplimiento de los deberes de cada uno, de acuerdo con los compromisos establecidos en la alianza para el Gobierno Abierto.|d3379e05-d9fc-463a-9038-20de51fcc8d8
1b8fefa0-afe4-4c6e-9a13-e15c39b76a4e|Alcaldía Local De Fontibón|Entidad responsable de la planificación y administración de la localidad de Fontibón.|La Secretaría Distrital de Gobierno lidera la convivencia pacífica, el ejercicio de la ciudadanía, la promoción de la organización y de la participación ciudadana, y la coordinación de las relaciones políticas de la Administración Distrital en sus distintos niveles, para fortalecer la gobernabilidad democrática en el ámbito distrital y local, y garantizar el goce efectivo de los derechos humanos y constitucionales.|En el 2024 la Secretaría Distrital de Gobierno habrá puesto en marcha una nueva etapa renovada de participación ciudadana en Bogotá, resignificando el trabajo colaborativo entre la institucionalidad y la ciudadanía, construyendo comunidades empoderadas desde la convivencia pacífica, y fortaleciendo un gobierno local, cercano y transparente, con la implementación de mecanismos innovadores, una relación de confianza entorno al diálogo para la garantía de los derechos y el cumplimiento de los deberes de cada uno, de acuerdo con los compromisos establecidos en la alianza para el Gobierno Abierto.|d3379e05-d9fc-463a-9038-20de51fcc8d8
d65b7bcc-d53a-4543-a294-6f52e146281d|Alcaldía Local De Kennedy|Alcaldía encargada de la gestión territorial y el desarrollo comunitario en Kennedy.|La Secretaría Distrital de Gobierno lidera la convivencia pacífica, el ejercicio de la ciudadanía, la promoción de la organización y de la participación ciudadana, y la coordinación de las relaciones políticas de la Administración Distrital en sus distintos niveles, para fortalecer la gobernabilidad democrática en el ámbito distrital y local, y garantizar el goce efectivo de los derechos humanos y constitucionales.|En el 2024 la Secretaría Distrital de Gobierno habrá puesto en marcha una nueva etapa renovada de participación ciudadana en Bogotá, resignificando el trabajo colaborativo entre la institucionalidad y la ciudadanía, construyendo comunidades empoderadas desde la convivencia pacífica, y fortaleciendo un gobierno local, cercano y transparente, con la implementación de mecanismos innovadores, una relación de confianza entorno al diálogo para la garantía de los derechos y el cumplimiento de los deberes de cada uno, de acuerdo con los compromisos establecidos en la alianza para el Gobierno Abierto.|d3379e05-d9fc-463a-9038-20de51fcc8d8
3563fdd5-9aeb-4b80-804f-ab21beaf454f|Alcaldía Local De La Candelaria|Entidad que vela por el desarrollo urbano y social de La Candelaria.|La Secretaría Distrital de Gobierno lidera la convivencia pacífica, el ejercicio de la ciudadanía, la promoción de la organización y de la participación ciudadana, y la coordinación de las relaciones políticas de la Administración Distrital en sus distintos niveles, para fortalecer la gobernabilidad democrática en el ámbito distrital y local, y garantizar el goce efectivo de los derechos humanos y constitucionales.|En el 2024 la Secretaría Distrital de Gobierno habrá puesto en marcha una nueva etapa renovada de participación ciudadana en Bogotá, resignificando el trabajo colaborativo entre la institucionalidad y la ciudadanía, construyendo comunidades empoderadas desde la convivencia pacífica, y fortaleciendo un gobierno local, cercano y transparente, con la implementación de mecanismos innovadores, una relación de confianza entorno al diálogo para la garantía de los derechos y el cumplimiento de los deberes de cada uno, de acuerdo con los compromisos establecidos en la alianza para el Gobierno Abierto.|d3379e05-d9fc-463a-9038-20de51fcc8d8
35492fe1-7cc7-4e86-a18c-aa42d2e6469c|Alcaldía Local De Los Mártires|Administración local responsable de la planificación y ejecución de proyectos en Los Mártires.|La Secretaría Distrital de Gobierno lidera la convivencia pacífica, el ejercicio de la ciudadanía, la promoción de la organización y de la participación ciudadana, y la coordinación de las relaciones políticas de la Administración Distrital en sus distintos niveles, para fortalecer la gobernabilidad democrática en el ámbito distrital y local, y garantizar el goce efectivo de los derechos humanos y constitucionales.|En el 2024 la Secretaría Distrital de Gobierno habrá puesto en marcha una nueva etapa renovada de participación ciudadana en Bogotá, resignificando el trabajo colaborativo entre la institucionalidad y la ciudadanía, construyendo comunidades empoderadas desde la convivencia pacífica, y fortaleciendo un gobierno local, cercano y transparente, con la implementación de mecanismos innovadores, una relación de confianza entorno al diálogo para la garantía de los derechos y el cumplimiento de los deberes de cada uno, de acuerdo con los compromisos establecidos en la alianza para el Gobierno Abierto.|d3379e05-d9fc-463a-9038-20de51fcc8d8
0ac22659-e454-444e-9333-9e0b6b1731c6|Alcaldía Local De Puente Aranda|Alcaldía local que gestiona el desarrollo de Puente Aranda y sus comunidades.|La Secretaría Distrital de Gobierno lidera la convivencia pacífica, el ejercicio de la ciudadanía, la promoción de la organización y de la participación ciudadana, y la coordinación de las relaciones políticas de la Administración Distrital en sus distintos niveles, para fortalecer la gobernabilidad democrática en el ámbito distrital y local, y garantizar el goce efectivo de los derechos humanos y constitucionales.|En el 2024 la Secretaría Distrital de Gobierno habrá puesto en marcha una nueva etapa renovada de participación ciudadana en Bogotá, resignificando el trabajo colaborativo entre la institucionalidad y la ciudadanía, construyendo comunidades empoderadas desde la convivencia pacífica, y fortaleciendo un gobierno local, cercano y transparente, con la implementación de mecanismos innovadores, una relación de confianza entorno al diálogo para la garantía de los derechos y el cumplimiento de los deberes de cada uno, de acuerdo con los compromisos establecidos en la alianza para el Gobierno Abierto.|d3379e05-d9fc-463a-9038-20de51fcc8d8
16790b2a-7734-4ee5-8914-a100e6c136cb|Alcaldía Local De Rafael Uribe Uribe|Entidad encargada del bienestar y la infraestructura de Rafael Uribe Uribe.|La Secretaría Distrital de Gobierno lidera la convivencia pacífica, el ejercicio de la ciudadanía, la promoción de la organización y de la participación ciudadana, y la coordinación de las relaciones políticas de la Administración Distrital en sus distintos niveles, para fortalecer la gobernabilidad democrática en el ámbito distrital y local, y garantizar el goce efectivo de los derechos humanos y constitucionales.|En el 2024 la Secretaría Distrital de Gobierno habrá puesto en marcha una nueva etapa renovada de participación ciudadana en Bogotá, resignificando el trabajo colaborativo entre la institucionalidad y la ciudadanía, construyendo comunidades empoderadas desde la convivencia pacífica, y fortaleciendo un gobierno local, cercano y transparente, con la implementación de mecanismos innovadores, una relación de confianza entorno al diálogo para la garantía de los derechos y el cumplimiento de los deberes de cada uno, de acuerdo con los compromisos establecidos en la alianza para el Gobierno Abierto.|d3379e05-d9fc-463a-9038-20de51fcc8d8
0567f60c-47f5-43ce-a028-b80eaf88d37a|Alcaldía Local De San Cristóbal|Administración que supervisa el desarrollo de la localidad de San Cristóbal.|La Secretaría Distrital de Gobierno lidera la convivencia pacífica, el ejercicio de la ciudadanía, la promoción de la organización y de la participación ciudadana, y la coordinación de las relaciones políticas de la Administración Distrital en sus distintos niveles, para fortalecer la gobernabilidad democrática en el ámbito distrital y local, y garantizar el goce efectivo de los derechos humanos y constitucionales.|En el 2024 la Secretaría Distrital de Gobierno habrá puesto en marcha una nueva etapa renovada de participación ciudadana en Bogotá, resignificando el trabajo colaborativo entre la institucionalidad y la ciudadanía, construyendo comunidades empoderadas desde la convivencia pacífica, y fortaleciendo un gobierno local, cercano y transparente, con la implementación de mecanismos innovadores, una relación de confianza entorno al diálogo para la garantía de los derechos y el cumplimiento de los deberes de cada uno, de acuerdo con los compromisos establecidos en la alianza para el Gobierno Abierto.|d3379e05-d9fc-463a-9038-20de51fcc8d8
6d0b0be5-3af2-488e-9584-bdd829b27c40|Alcaldía Local De Santa Fe|Alcaldía responsable de la gestión territorial y social en Santa Fe.|La Secretaría Distrital de Gobierno lidera la convivencia pacífica, el ejercicio de la ciudadanía, la promoción de la organización y de la participación ciudadana, y la coordinación de las relaciones políticas de la Administración Distrital en sus distintos niveles, para fortalecer la gobernabilidad democrática en el ámbito distrital y local, y garantizar el goce efectivo de los derechos humanos y constitucionales.|En el 2024 la Secretaría Distrital de Gobierno habrá puesto en marcha una nueva etapa renovada de participación ciudadana en Bogotá, resignificando el trabajo colaborativo entre la institucionalidad y la ciudadanía, construyendo comunidades empoderadas desde la convivencia pacífica, y fortaleciendo un gobierno local, cercano y transparente, con la implementación de mecanismos innovadores, una relación de confianza entorno al diálogo para la garantía de los derechos y el cumplimiento de los deberes de cada uno, de acuerdo con los compromisos establecidos en la alianza para el Gobierno Abierto.|d3379e05-d9fc-463a-9038-20de51fcc8d8
d4736ade-3144-4127-bd1f-a428c77e125e|Alcaldía Local De Suba|Entidad encargada de la administración y desarrollo de la localidad de Suba.|La Secretaría Distrital de Gobierno lidera la convivencia pacífica, el ejercicio de la ciudadanía, la promoción de la organización y de la participación ciudadana, y la coordinación de las relaciones políticas de la Administración Distrital en sus distintos niveles, para fortalecer la gobernabilidad democrática en el ámbito distrital y local, y garantizar el goce efectivo de los derechos humanos y constitucionales.|En el 2024 la Secretaría Distrital de Gobierno habrá puesto en marcha una nueva etapa renovada de participación ciudadana en Bogotá, resignificando el trabajo colaborativo entre la institucionalidad y la ciudadanía, construyendo comunidades empoderadas desde la convivencia pacífica, y fortaleciendo un gobierno local, cercano y transparente, con la implementación de mecanismos innovadores, una relación de confianza entorno al diálogo para la garantía de los derechos y el cumplimiento de los deberes de cada uno, de acuerdo con los compromisos establecidos en la alianza para el Gobierno Abierto.|d3379e05-d9fc-463a-9038-20de51fcc8d8
f1e3fb07-af80-40e9-b3ba-951392680ceb|Alcaldía Local De Sumapaz|Alcaldía que gestiona el desarrollo territorial y comunitario en Sumapaz.|La Secretaría Distrital de Gobierno lidera la convivencia pacífica, el ejercicio de la ciudadanía, la promoción de la organización y de la participación ciudadana, y la coordinación de las relaciones políticas de la Administración Distrital en sus distintos niveles, para fortalecer la gobernabilidad democrática en el ámbito distrital y local, y garantizar el goce efectivo de los derechos humanos y constitucionales.|En el 2024 la Secretaría Distrital de Gobierno habrá puesto en marcha una nueva etapa renovada de participación ciudadana en Bogotá, resignificando el trabajo colaborativo entre la institucionalidad y la ciudadanía, construyendo comunidades empoderadas desde la convivencia pacífica, y fortaleciendo un gobierno local, cercano y transparente, con la implementación de mecanismos innovadores, una relación de confianza entorno al diálogo para la garantía de los derechos y el cumplimiento de los deberes de cada uno, de acuerdo con los compromisos establecidos en la alianza para el Gobierno Abierto.|d3379e05-d9fc-463a-9038-20de51fcc8d8
29b462d1-a002-4c07-a854-1c82fc10829f|Alcaldía Local De Teusaquillo|Administración local encargada de la planificación y ejecución de proyectos en Teusaquillo.|La Secretaría Distrital de Gobierno lidera la convivencia pacífica, el ejercicio de la ciudadanía, la promoción de la organización y de la participación ciudadana, y la coordinación de las relaciones políticas de la Administración Distrital en sus distintos niveles, para fortalecer la gobernabilidad democrática en el ámbito distrital y local, y garantizar el goce efectivo de los derechos humanos y constitucionales.|En el 2024 la Secretaría Distrital de Gobierno habrá puesto en marcha una nueva etapa renovada de participación ciudadana en Bogotá, resignificando el trabajo colaborativo entre la institucionalidad y la ciudadanía, construyendo comunidades empoderadas desde la convivencia pacífica, y fortaleciendo un gobierno local, cercano y transparente, con la implementación de mecanismos innovadores, una relación de confianza entorno al diálogo para la garantía de los derechos y el cumplimiento de los deberes de cada uno, de acuerdo con los compromisos establecidos en la alianza para el Gobierno Abierto.|d3379e05-d9fc-463a-9038-20de51fcc8d8
1dcd0622-9833-4ca8-8b09-ea7617ead3c3|Alcaldía Local De Tunjuelito|Entidad responsable del desarrollo urbano y social en Tunjuelito.|La Secretaría Distrital de Gobierno lidera la convivencia pacífica, el ejercicio de la ciudadanía, la promoción de la organización y de la participación ciudadana, y la coordinación de las relaciones políticas de la Administración Distrital en sus distintos niveles, para fortalecer la gobernabilidad democrática en el ámbito distrital y local, y garantizar el goce efectivo de los derechos humanos y constitucionales.|En el 2024 la Secretaría Distrital de Gobierno habrá puesto en marcha una nueva etapa renovada de participación ciudadana en Bogotá, resignificando el trabajo colaborativo entre la institucionalidad y la ciudadanía, construyendo comunidades empoderadas desde la convivencia pacífica, y fortaleciendo un gobierno local, cercano y transparente, con la implementación de mecanismos innovadores, una relación de confianza entorno al diálogo para la garantía de los derechos y el cumplimiento de los deberes de cada uno, de acuerdo con los compromisos establecidos en la alianza para el Gobierno Abierto.|d3379e05-d9fc-463a-9038-20de51fcc8d8
31b7d251-5580-45d3-9e5b-e76853b78302|Alcaldía Local De Usaquén|Alcaldía local encargada del desarrollo de la comunidad en Usaquén.|La Secretaría Distrital de Gobierno lidera la convivencia pacífica, el ejercicio de la ciudadanía, la promoción de la organización y de la participación ciudadana, y la coordinación de las relaciones políticas de la Administración Distrital en sus distintos niveles, para fortalecer la gobernabilidad democrática en el ámbito distrital y local, y garantizar el goce efectivo de los derechos humanos y constitucionales.|En el 2024 la Secretaría Distrital de Gobierno habrá puesto en marcha una nueva etapa renovada de participación ciudadana en Bogotá, resignificando el trabajo colaborativo entre la institucionalidad y la ciudadanía, construyendo comunidades empoderadas desde la convivencia pacífica, y fortaleciendo un gobierno local, cercano y transparente, con la implementación de mecanismos innovadores, una relación de confianza entorno al diálogo para la garantía de los derechos y el cumplimiento de los deberes de cada uno, de acuerdo con los compromisos establecidos en la alianza para el Gobierno Abierto.|d3379e05-d9fc-463a-9038-20de51fcc8d8
aee6112d-44a4-4cca-876c-fcde6582e9f2|Alcaldía Local De Usme|Entidad encargada de la gestión y planificación de la localidad de Usme.|La Secretaría Distrital de Gobierno lidera la convivencia pacífica, el ejercicio de la ciudadanía, la promoción de la organización y de la participación ciudadana, y la coordinación de las relaciones políticas de la Administración Distrital en sus distintos niveles, para fortalecer la gobernabilidad democrática en el ámbito distrital y local, y garantizar el goce efectivo de los derechos humanos y constitucionales.|En el 2024 la Secretaría Distrital de Gobierno habrá puesto en marcha una nueva etapa renovada de participación ciudadana en Bogotá, resignificando el trabajo colaborativo entre la institucionalidad y la ciudadanía, construyendo comunidades empoderadas desde la convivencia pacífica, y fortaleciendo un gobierno local, cercano y transparente, con la implementación de mecanismos innovadores, una relación de confianza entorno al diálogo para la garantía de los derechos y el cumplimiento de los deberes de cada uno, de acuerdo con los compromisos establecidos en la alianza para el Gobierno Abierto.|d3379e05-d9fc-463a-9038-20de51fcc8d8
853d09e9-df1f-4a9b-a21c-5d2499e3ffa4|Secretaría Distrital De Seguridad, Convivencia Y Justicia|Entidad a cargo de la seguridad, la convivencia y la justicia en el distrito.|Liderar, planear, implementar y evaluar la política pública en materia de seguridad, convivencia y acceso a la justicia, así como gestionar los servicios de emergencias, para garantizar el ejercicio de los derechos y libertades de los ciudadanos del Distrito Capital.|En 2024 la Secretaría Distrital de Seguridad, Convivencia y Justicia estará consolidada como el organismo distrital que lidera y articula, con otras entidades distritales y nacionales, la ejecución de las políticas en materia de seguridad, convivencia, acceso a la justicia, prevención del delito, reducción de riesgos y atención de incidentes.|5a2c283a-5a07-473d-8ebe-8fe9e935ecb4
e4cd18f0-b93e-43e3-9e70-b67b5b86101d|Unidad Administrativa Especial Cuerpo Oficial De Bomberos De Bogotá|Cuerpo oficial encargado de la prevención y atención de emergencias de bomberos.|Proteger la vida, el ambiente y el patrimonio, a través de la gestión integral de riesgos de incendios, atención de rescates en todas sus modalidades e incidentes con materiales peligrosos en Bogotá y su entorno|Al 2030, ser el mejor cuerpo de bomberos de Colombia soportado en el compromiso de sus colaboradores y la confianza de los ciudadanos, reconocido a nivel mundial por su fortaleza técnica y capacidad de gestión.|5a2c283a-5a07-473d-8ebe-8fe9e935ecb4
